{
  "single_split": {
    "train_test_acc": 0.7,
    "train_test_auc": 0.6666666666666666,
    "n_train": 29,
    "n_test": 10
  },
  "cross_validation": {
    "cv_auc_mean": 0.8113333333333332,
    "cv_auc_std": 0.15163699343424672,
    "cv_acc_mean": 0.7678571428571429,
    "cv_acc_std": 0.13401187885209798,
    "cv_folds": "5x5 RepeatedStratifiedKFold",
    "n_subjects": 39
  }
}